iteration;mean_execution
0;-649.978544089151
1;-743.3861950318874
2;-777.9411248721902
3;-795.4100052103587
4;-802.3502776026328
5;-810.8037349712824
6;-812.4906482890171
7;-814.8233095735966
8;-815.2601016161631
9;-815.9796569731295
10;-817.7488423658812
11;-819.2246321284807
12;-819.6434413370101
13;-819.9107231304761
14;-820.3631614734461
15;-820.5042055401657
16;-820.5800318089998
17;-821.2615218857338
18;-821.3211107982555
19;-821.4493918813148
